Country,Cluster,Objective,Activity,Indicator,Unit,Cameroon_Target,Adamaoua_Target,Centre_Target,Est_Target,Extreme Nord_Target,Nord_Target,Sud_Target,Sud Ouest_Target
Cameroon,Education,"STRATEGIC OBJECTIVE 1: Track and analyse risk and vulnerability, integrating findings into humanitarian and development programming.",Conduct risks and vulnerability assessments in target regions where sectoral partners and communities are actively involved,Number of partners involved in the conducted assessments,Partners,,3,,3,3,3,,
Cameroon,Education,"STRATEGIC OBJECTIVE 1: Track and analyse risk and vulnerability, integrating findings into humanitarian and development programming.",Evaluate the services and WASH infrastructures as well as the knowledge and hygiene practices in schools and learning spaces in prone-cholera regions,Number of children with a knowledge on basic hygiene practices,Students,,4200,,4200,4200,4200,,
Cameroon,Education,"STRATEGIC OBJECTIVE 1: Track and analyse risk and vulnerability, integrating findings into humanitarian and development programming.",Evaluate the services and WASH infrastructures as well as the knowledge and hygiene practices in schools and learning spaces in prone-cholera regions,"Number of schools/learning spaces, located in prone-cholera regions, having been assessed",Learning Spaces,,52,,52,52,52,,
Cameroon,Education,"STRATEGIC OBJECTIVE 1: Track and analyse risk and vulnerability, integrating findings into humanitarian and development programming.",Strenghen coordination mechanisms (including a rapid and joint assessment of the needs),Number of rapid & joint assessment of the needs conducted,Assessments,,1,,1,1,1,,
Cameroon,Education,"STRATEGIC OBJECTIVE 1: Track and analyse risk and vulnerability, integrating findings into humanitarian and development programming.",Strenghen coordination mechanisms (including a rapid and joint assessment of the needs),The '3W' is regularly updated,3Ws,,1,,1,1,1,,
Cameroon,Education,"STRATEGIC OBJECTIVE 1: Track and analyse risk and vulnerability, integrating findings into humanitarian and development programming.",Systematically collect and regularly update data related to the situation and emergency responses,The databases related to the situation and emergency reponses are available and regularly updated,Databases,,1,,1,1,1,,
Cameroon,Education,"STRATEGIC OBJECTIVE 2: Support vulnerable populations to better cope with shocks by responding earlier to warning signals, by reducing post-crisis recovery times and by building capacity of national actors.","Develop and implement training modules on the following thematics: emergency, psychosocial support and conflict prevention, in collaboration with the Ministry of Education",Number of modules available,Modules,,,,,3,,,
Cameroon,Education,"STRATEGIC OBJECTIVE 2: Support vulnerable populations to better cope with shocks by responding earlier to warning signals, by reducing post-crisis recovery times and by building capacity of national actors.","Facilitate the involvement of the community in the participatory management of schools and in the preparedness to emergencies (decrease of risks, school improvement plans)",Number of targeted schools/learning spaces with preparedness/emergency plans,Schools,,12,,12,12,12,,
Cameroon,Education,"STRATEGIC OBJECTIVE 2: Support vulnerable populations to better cope with shocks by responding earlier to warning signals, by reducing post-crisis recovery times and by building capacity of national actors.",Implementation of contingency stocks for the emergency response,Availability of a contingency stock,Regions,,1,1,1,1,1,,
Cameroon,Education,"STRATEGIC OBJECTIVE 2: Support vulnerable populations to better cope with shocks by responding earlier to warning signals, by reducing post-crisis recovery times and by building capacity of national actors.","Implementation, trainings and support to governments/children committees",Number of governments/children's committees activated,Commitees,,12,,12,12,12,,
Cameroon,Education,"STRATEGIC OBJECTIVE 2: Support vulnerable populations to better cope with shocks by responding earlier to warning signals, by reducing post-crisis recovery times and by building capacity of national actors.","Strengthen the capacities of local partners and systems to engage in the planning ensuring risks reduction, preparedness to emergencies and continuity of education in targeted regions","Number of local educational stakeholders that have been trained on disaster risks reduction, preparedness in emergency situations and planning for the continuity of education",Education Personnel,,50,50,50,50,50,,
Cameroon,Education,"STRATEGIC OBJECTIVE 2: Support vulnerable populations to better cope with shocks by responding earlier to warning signals, by reducing post-crisis recovery times and by building capacity of national actors.",Strengthen the capacity of the ME at national and local levels in emergency situation preparedness and intervention,Number of agents from the Ministry of Education trained,Officials,,5,5,5,5,5,,
Cameroon,Education,"STRATEGIC OBJECTIVE 2: Support vulnerable populations to better cope with shocks by responding earlier to warning signals, by reducing post-crisis recovery times and by building capacity of national actors.","Support and strengthen the advocacy with local stakeholders (traditional leaders, parents and teachers’ associations, parents etc.) involved in education for the promotion of education in an emergency situation",Number of local stakeholders in targeted regions participating in group discussions on the role of girls’ education,Community Leaders,,180,,180,180,180,,
Cameroon,Education,"STRATEGIC OBJECTIVE 2: Support vulnerable populations to better cope with shocks by responding earlier to warning signals, by reducing post-crisis recovery times and by building capacity of national actors.","Support and strengthen the capacity of local actors (traditional leaders, parents and teachers association, parents, officials from the Ministry of Education etc.) involved in education","Number of members from parents and teachers association and management committees in targeted areas that have been trained on the management and participatory administration of schools, including risks education",Members,,180,,180,180,180,,
Cameroon,Education,"STRATEGIC OBJECTIVE 2: Support vulnerable populations to better cope with shocks by responding earlier to warning signals, by reducing post-crisis recovery times and by building capacity of national actors.","Support and strengthen the capacity of local actors (traditional leaders, parents and teachers associations, parents, officials from the Ministry of Education etc.) involved in education","Number of officials (local) from the Ministry of Education that have been trained on the management and the participatory administration of schools, including the decrease of risks",Members,,50,,50,50,50,,
Cameroon,Education,"STRATEGIC OBJECTIVE 2: Support vulnerable populations to better cope with shocks by responding earlier to warning signals, by reducing post-crisis recovery times and by building capacity of national actors.",Support the implementation of a national contingency plan,Availability of an updated contingency plan,Plans,,1,1,1,1,1,,
Cameroon,Education,STRATEGIC OBJECTIVE 3: Deliver coordinated and integrated life-saving assistance to people affected by emergencies.,Build or rehabilitate WASH infrastructures which are adequate for boys and girls in schools/learning spaces,"Number of WASH infrastructures adequate for boys and girls, built/rehabilitated",Latrines,,25,,25,67,25,,
Cameroon,Education,STRATEGIC OBJECTIVE 3: Deliver coordinated and integrated life-saving assistance to people affected by emergencies.,Conduct awareness campaigns in schools on life -skills/crucial messages,Number of boys and girls educated,Students,,,,,75168,,,
Cameroon,Education,STRATEGIC OBJECTIVE 3: Deliver coordinated and integrated life-saving assistance to people affected by emergencies.,Distribute early childhood development kits in affected areas,Number of children (girls and boys) receiving the early childhood development kits,Students,,,,,36418,,,
Cameroon,Education,STRATEGIC OBJECTIVE 3: Deliver coordinated and integrated life-saving assistance to people affected by emergencies.,Distribute hygiene kits in affected areas,Number of children (girls and boys) receiving hygiene kits,Students,,,,,75168,,,
Cameroon,Education,STRATEGIC OBJECTIVE 3: Deliver coordinated and integrated life-saving assistance to people affected by emergencies.,Distribute learning and educational kits in affected regions,Number of students (girls/boys) receivinh learning materials,Students,,,,,75168,,,
Cameroon,Education,STRATEGIC OBJECTIVE 3: Deliver coordinated and integrated life-saving assistance to people affected by emergencies.,Distribute learning and educational kits in affected regions,Number of teachers (women and men) receiving educational materials,Teachers,,,,,1607,,,
Cameroon,Education,STRATEGIC OBJECTIVE 3: Deliver coordinated and integrated life-saving assistance to people affected by emergencies.,Distribute recreational activities kits in affected areas,Number of children (girls and boys) receiving recreational kits,Students,,,,,75168,,,
Cameroon,Education,STRATEGIC OBJECTIVE 3: Deliver coordinated and integrated life-saving assistance to people affected by emergencies.,Distribute school supplies and furniture in temporary learning spaces and targeted schools,Number of classrooms and temporary learning spaces equipped with enough and adapted furniture,Classrooms,,,,,190,,,
Cameroon,Education,STRATEGIC OBJECTIVE 3: Deliver coordinated and integrated life-saving assistance to people affected by emergencies.,Educate parents on care ad child development,Number of mothers/fathers participating in parenting education sessions on care and child development,Parents,,,,,7500,,,
Cameroon,Education,STRATEGIC OBJECTIVE 3: Deliver coordinated and integrated life-saving assistance to people affected by emergencies.,Educate parents on the importance of education (including girls'),Number of mothers/fathers participating in awareness sessions on the importance of education and children's rights,Parents,,,,,30000,,,
Cameroon,Education,STRATEGIC OBJECTIVE 3: Deliver coordinated and integrated life-saving assistance to people affected by emergencies.,"Establish or rehabilitate protecting, sure and inclusive learning spaces for children and young children affected by emergency situations or are very vulnerable",Number of children (women and men) benefiting from learning spaces,Students,,,,,5000,,,
Cameroon,Education,STRATEGIC OBJECTIVE 3: Deliver coordinated and integrated life-saving assistance to people affected by emergencies.,Implement/support the setting-up and school canteens animation,Number of boys/girls benefiting from the school-feeding programme,Students,,,,,20000,100000,,
Cameroon,Education,STRATEGIC OBJECTIVE 3: Deliver coordinated and integrated life-saving assistance to people affected by emergencies.,Offer alternative education activities to support the integration of children out of school,Number of children (girls/boys) benefiting from alternative education activities,Students,,,,,21106,,,
Cameroon,Education,STRATEGIC OBJECTIVE 3: Deliver coordinated and integrated life-saving assistance to people affected by emergencies.,Rehabilitation/build classrooms in targeted regions (in partnership with communities and local authorities),Number of classrooms rehabilitated,Classrooms,,,,,84,,,
Cameroon,Education,STRATEGIC OBJECTIVE 3: Deliver coordinated and integrated life-saving assistance to people affected by emergencies.,Train teachers/other education staff members on education topics during emergency situations,Number of teachers/other education staff members trained on health and hygiene,Education Personnel,,312,,312,1919,312,,
Cameroon,Education,STRATEGIC OBJECTIVE 3: Deliver coordinated and integrated life-saving assistance to people affected by emergencies.,Train teachers/other education staff members on education topics during emergency situations,Number of teachers/other education staff members trained on large groups and catch-up courses,Education Personnel,,,,,1607,,,
Cameroon,Education,STRATEGIC OBJECTIVE 3: Deliver coordinated and integrated life-saving assistance to people affected by emergencies.,Train teachers/other education staff members on education topics during emergency situations,Number of teachers/other education staff members trained on life skills and psycho-social support,Education Personnel,,,,,1607,,,
Cameroon,Education,STRATEGIC OBJECTIVE 3: Deliver coordinated and integrated life-saving assistance to people affected by emergencies.,Train teachers/other education staff members on educational topics during emergency situations,Number of teachers/other education staff members trained on peace education and social cohesion,Education Personnel,,,,,1607,,,
Cameroon,Health,"STRATEGIC OBJECTIVE 1: Track and analyse risk and vulnerability, integrating findings into humanitarian and development programming.",Conduct Vulnerability Risk Assessment and Mapping in the Health Sector (VRAM),VRAM Report and Mapping available,Maps,1,,,,,,,
Cameroon,Health,"STRATEGIC OBJECTIVE 1: Track and analyse risk and vulnerability, integrating findings into humanitarian and development programming.","Organise, conduct country Capacity Assessment (CCA) in the Health system",The strenghtening of the country's capacities plan is available,Plans,1,,,,,,,
Cameroon,Health,"STRATEGIC OBJECTIVE 2: Support vulnerable populations to better cope with shocks by responding earlier to warning signals, by reducing post-crisis recovery times and by building capacity of national actors.",Put in place sentinels sites for malnutrition surveillance in areas,Numbers of functioning sentinel sites,Units,0,,,,,,,
Cameroon,Health,"STRATEGIC OBJECTIVE 2: Support vulnerable populations to better cope with shocks by responding earlier to warning signals, by reducing post-crisis recovery times and by building capacity of national actors.",Support regular meetings of the national multi-sectoral committee for preparation and management of emergency and public health problems,Number of meetings of the national commitee,Meetings,0,,,,,,,
Cameroon,Health,"STRATEGIC OBJECTIVE 2: Support vulnerable populations to better cope with shocks by responding earlier to warning signals, by reducing post-crisis recovery times and by building capacity of national actors.",Support the establishment of Rapid Intervention Teams in each region for the fight against Ebola and other outbreaks potential diseases,Number of regions with a rapid intervantion team officially appointed,Units,0,,,,,,,
Cameroon,Health,"STRATEGIC OBJECTIVE 2: Support vulnerable populations to better cope with shocks by responding earlier to warning signals, by reducing post-crisis recovery times and by building capacity of national actors.",Train and strengthen regional Emergency Centre (CERFPLE) in each region of Cameroon,Number of regions with CERPLE staffs trained,Numbers,0,,,,,,,
Cameroon,Health,STRATEGIC OBJECTIVE 3: Deliver coordinated and integrated life-saving assistance to people affected by emergencies.,Ensure prompt investigation of outbreaks or rumors;,Percentage of rumours and outbreaks investigated in the 72 hours,Percentage,0,,,,,,,
Cameroon,Health,STRATEGIC OBJECTIVE 3: Deliver coordinated and integrated life-saving assistance to people affected by emergencies.,"Ensure transport of drugs, vaccines, kits or equipments",Number of implentation NGOs in partnership,NNGOs,0,,,,,,,
Cameroon,Health,STRATEGIC OBJECTIVE 3: Deliver coordinated and integrated life-saving assistance to people affected by emergencies.,Organize a measles campaign agaist meales for children 6 month -14 years,Vaccination coverage,Percentage,0,,,,,,,
Cameroon,Health,STRATEGIC OBJECTIVE 3: Deliver coordinated and integrated life-saving assistance to people affected by emergencies.,Organize mobile clinic to improve access of affected population in difficult to reach places,Number of outreach activties organizes,Actions,0,,,,,,,
Cameroon,Health,STRATEGIC OBJECTIVE 3: Deliver coordinated and integrated life-saving assistance to people affected by emergencies.,Produced monthly production of and epidemiologic bulletin,Number of monthly epidemilogic bulletin produced and shared with partners,Reports,0,,,,,,,
Cameroon,Health,STRATEGIC OBJECTIVE 3: Deliver coordinated and integrated life-saving assistance to people affected by emergencies.,Provide curative essential care to affected populations,Number of affected populations who received free health care,People,0,,,,,,,
Cameroon,Health,STRATEGIC OBJECTIVE 3: Deliver coordinated and integrated life-saving assistance to people affected by emergencies.,Provide health facilities with Reproductive Kits in affected districts,Number of health facilities supplied with SR kits,Health Centres,0,,,,,,,
Cameroon,Health,STRATEGIC OBJECTIVE 3: Deliver coordinated and integrated life-saving assistance to people affected by emergencies.,"Provide Insecticide Treated Nets (ITNs) to affected populations; nbre,",Number of ITNs distributed,Bednets,0,,,,,,,
Cameroon,Health,STRATEGIC OBJECTIVE 3: Deliver coordinated and integrated life-saving assistance to people affected by emergencies.,Provide Protective Equipment’s for Ebola prevention in each region,Number of regions supply with Ebola Prevention equipments,Establishments,0,,,,,,,
Cameroon,Health,STRATEGIC OBJECTIVE 3: Deliver coordinated and integrated life-saving assistance to people affected by emergencies.,Provide psychosocial heath care to affected populations and adequate management of SGBV,Number of patients treated,People,0,,,,,,,
Cameroon,Health,STRATEGIC OBJECTIVE 3: Deliver coordinated and integrated life-saving assistance to people affected by emergencies.,Recruit national experts for better monitoring of health projects,Number of national expert,People,0,,,,,,,
Cameroon,Health,STRATEGIC OBJECTIVE 3: Deliver coordinated and integrated life-saving assistance to people affected by emergencies.,Strengthen Early warning system and data sharing,Completeness of weekly epidemilogical report in affected districts,Reports,0,,,,,,,
Cameroon,Health,STRATEGIC OBJECTIVE 3: Deliver coordinated and integrated life-saving assistance to people affected by emergencies.,Supply Health facilities with IEHK kits/drugs/cholera kits in in affected districts and regions,Number of Health Facilities supplied with drugs,Health Centres,0,,,,,,,
Cameroon,Health,STRATEGIC OBJECTIVE 3: Deliver coordinated and integrated life-saving assistance to people affected by emergencies.,"Supply health facilities with rapid diagnostic test (TDR malaria, HIV,) or laboratory reagents",Number of health facilities supplied with TDR,Health Centres,0,,,,,,,
Cameroon,Health,STRATEGIC OBJECTIVE 3: Deliver coordinated and integrated life-saving assistance to people affected by emergencies.,Support Integrated Management of children diseases (PCIME services),Number of districts in the affected delivering PCIME services,Units,0,,,,,,,
Cameroon,Health,STRATEGIC OBJECTIVE 3: Deliver coordinated and integrated life-saving assistance to people affected by emergencies.,"Support reference and conter reference of severe cases, nber, patients",Number of patients refered and treated,People,0,,,,,,,
Cameroon,Health,STRATEGIC OBJECTIVE 3: Deliver coordinated and integrated life-saving assistance to people affected by emergencies.,Support supervision of curative care and surveillance activities,Number of supervision implemented,Actions,0,,,,,,,
Cameroon,Health,STRATEGIC OBJECTIVE 3: Deliver coordinated and integrated life-saving assistance to people affected by emergencies.,Train health personnel on cholera/Ebola management;,Number of health personnel trained on cholera treatment,People,0,,,,,,,
Cameroon,Health,STRATEGIC OBJECTIVE 3: Deliver coordinated and integrated life-saving assistance to people affected by emergencies.,Train health personnel or community relay on integrated disease surveillance including Ebola,Number of Health personnel trained,People,0,,,,,,,
Cameroon,Nutrition,"STRATEGIC OBJECTIVE 1: Track and analyse risk and vulnerability, integrating findings into humanitarian and development programming.",Organisation of a nutritional survey,Number of SMART surveys conducted during the hunger gap,Surveys,,1,,1,1,1,,
Cameroon,Nutrition,"STRATEGIC OBJECTIVE 1: Track and analyse risk and vulnerability, integrating findings into humanitarian and development programming.",Provide a technical and financial support to regions and districts for the functioning of coordination groups,Number of monthly coordination meetings with sectoral actors in every region,Meetings,,10,,10,10,10,,
Cameroon,Nutrition,"STRATEGIC OBJECTIVE 1: Track and analyse risk and vulnerability, integrating findings into humanitarian and development programming.",Provide a technical and financial support to regions and districts for the functioning of coordination groups,Number of sectoral meetings linked to emergencies,Meetings,,10,,20,10,,,
Cameroon,Nutrition,"STRATEGIC OBJECTIVE 1: Track and analyse risk and vulnerability, integrating findings into humanitarian and development programming.",Strenghening of nutritional surveillance mechanisms,A strenghened surveillance system for active emergencies,Systems,,1,,1,1,1,,
Cameroon,Nutrition,"STRATEGIC OBJECTIVE 1: Track and analyse risk and vulnerability, integrating findings into humanitarian and development programming.",Strenghening of nutritional surveillance mechanisms,An active surveillance system in each region,Systems,,1,,1,1,1,,
Cameroon,Nutrition,"STRATEGIC OBJECTIVE 2: Support vulnerable populations to better cope with shocks by responding earlier to warning signals, by reducing post-crisis recovery times and by building capacity of national actors.","Ensure the supply and management capacities of structures in charge of nutritional inputs, medication, anthropometric materials and equipment",Number of consecutive out-of-stock days in ambulatory centers (CNAS/CNAM) inferior to,Days,5,,,,,,,
Cameroon,Nutrition,"STRATEGIC OBJECTIVE 2: Support vulnerable populations to better cope with shocks by responding earlier to warning signals, by reducing post-crisis recovery times and by building capacity of national actors.","Ensure the supply and management capacities of structures in charge of nutritional inputs, medication, anthropometric materials and equipment",Number of out-of-stock days in therapeutic centers (CNTI),Days,,0,,0,0,0,,
Cameroon,Nutrition,"STRATEGIC OBJECTIVE 2: Support vulnerable populations to better cope with shocks by responding earlier to warning signals, by reducing post-crisis recovery times and by building capacity of national actors.",Implement communication activities for behavioural change on the recognition of malnutrition signs and infant and young child feeding,Number of community relays trained,People,500,,,,,,,
Cameroon,Nutrition,"STRATEGIC OBJECTIVE 2: Support vulnerable populations to better cope with shocks by responding earlier to warning signals, by reducing post-crisis recovery times and by building capacity of national actors.",Implement communication activities for behavioural change on the recognition of malnutrition signs and infant and young child feeding,Number of DS and CSI covered,Structures,20,,,,,,,
Cameroon,Nutrition,"STRATEGIC OBJECTIVE 2: Support vulnerable populations to better cope with shocks by responding earlier to warning signals, by reducing post-crisis recovery times and by building capacity of national actors.",Support micronutrient supplementation actions and particularly in vitamin A,Number of SASNIM organised,Campaigns,2,,,,,,,
Cameroon,Nutrition,"STRATEGIC OBJECTIVE 2: Support vulnerable populations to better cope with shocks by responding earlier to warning signals, by reducing post-crisis recovery times and by building capacity of national actors.",Training of health staff and community workers on different nutrition interventions,Number of people trained on ANJE,People,600,,,,,,,
Cameroon,Nutrition,"STRATEGIC OBJECTIVE 2: Support vulnerable populations to better cope with shocks by responding earlier to warning signals, by reducing post-crisis recovery times and by building capacity of national actors.",Training of health staff and community workers on different nutrition interventions,Number of people trained on PCIMA,People,600,,,,,,,
Cameroon,Nutrition,"STRATEGIC OBJECTIVE 2: Support vulnerable populations to better cope with shocks by responding earlier to warning signals, by reducing post-crisis recovery times and by building capacity of national actors.",Undertake complementary feeding activities with the LNS for 6-23 month-old children,Number of children under 24 months (number of girls and boys) receiving LNS,Children,26050,,,,,,,
Cameroon,Nutrition,"STRATEGIC OBJECTIVE 2: Support vulnerable populations to better cope with shocks by responding earlier to warning signals, by reducing post-crisis recovery times and by building capacity of national actors.",Undertake complementary feeding activities with the LNS for 6-23 month-old children,Number of distribution sessions conducted,Sessions,0,,,,,,,
Cameroon,Nutrition,STRATEGIC OBJECTIVE 3: Deliver coordinated and integrated life-saving assistance to people affected by emergencies.,Ensure a targeted implementation of infant and young child feeding activities,Number of mother-children couples who have received counselling,People,0,,,5000,1000,,,
Cameroon,Nutrition,STRATEGIC OBJECTIVE 3: Deliver coordinated and integrated life-saving assistance to people affected by emergencies.,Ensure the strengthening of PCIMA community aspect (active screening and home visit),Number of home visits made to PCIMA programme beneficiaries,Visits,0,,,,,,,
Cameroon,Nutrition,STRATEGIC OBJECTIVE 3: Deliver coordinated and integrated life-saving assistance to people affected by emergencies.,Ensure the strengthening of PCIMA community aspect (active screening and home visit),Number of screening made,Activities,10,,,,,,,
Cameroon,Nutrition,STRATEGIC OBJECTIVE 3: Deliver coordinated and integrated life-saving assistance to people affected by emergencies.,Setting-up of the BSFP (Blanket Supplementary Feeding Programme),"Number od 6-23 month-old children receiving a supplementary ration (# of girls, # of boys)",Children,44190,,,,,,,
Cameroon,Nutrition,STRATEGIC OBJECTIVE 3: Deliver coordinated and integrated life-saving assistance to people affected by emergencies.,Setting-up of the BSFP (Blanket Supplementary Feeding Programme),Number of pregnant or lactating women receiving a supplementary ration,Women,9879,,,,,,,
Cameroon,Nutrition,STRATEGIC OBJECTIVE 3: Deliver coordinated and integrated life-saving assistance to people affected by emergencies.,Strengthen the WASH in Nut strategies in intervention areas,Number of health trainings for the setting-up of the minimum WASH package,Structures,0,,,,,,,
Cameroon,Nutrition,STRATEGIC OBJECTIVE 3: Deliver coordinated and integrated life-saving assistance to people affected by emergencies.,Treat Moderate Acute Malnutrition (MAM) cases,Death rates,Percentage,3,,,,,,,
Cameroon,Nutrition,STRATEGIC OBJECTIVE 3: Deliver coordinated and integrated life-saving assistance to people affected by emergencies.,Treat Moderate Acute Malnutrition (MAM) cases,Drop-out rates,Percentage,15,,,,,,,
Cameroon,Nutrition,STRATEGIC OBJECTIVE 3: Deliver coordinated and integrated life-saving assistance to people affected by emergencies.,Treat Moderate Acute Malnutrition (MAM) cases,Number of new admissions of 6-59 month-old children,Children,,11146,,17831,62922,28542,,
Cameroon,Nutrition,STRATEGIC OBJECTIVE 3: Deliver coordinated and integrated life-saving assistance to people affected by emergencies.,Treat Moderate Acute Malnutrition (MAM) cases,Recovery rates,Percentage,75,,,,,,,
Cameroon,Nutrition,STRATEGIC OBJECTIVE 3: Deliver coordinated and integrated life-saving assistance to people affected by emergencies.,Treatment of severe acute malnutrition (SAM) cases,Death rates,Percentage,5,,,,,,,
Cameroon,Nutrition,STRATEGIC OBJECTIVE 3: Deliver coordinated and integrated life-saving assistance to people affected by emergencies.,Treatment of severe acute malnutrition (SAM) cases,Dropout rates,Percentage,10,,,,,,,
Cameroon,Nutrition,STRATEGIC OBJECTIVE 3: Deliver coordinated and integrated life-saving assistance to people affected by emergencies.,Treatment of severe acute malnutrition (SAM) cases,Number of new admissions of 6-59 month-old children,Children,,8970,,10798,35297,14799,,
Cameroon,Nutrition,STRATEGIC OBJECTIVE 3: Deliver coordinated and integrated life-saving assistance to people affected by emergencies.,Treatment of severe acute malnutrition (SAM) cases,Recovery rates,Percentage,75,,,,,,,
Cameroon,Protection,"STRATEGIC OBJECTIVE 1: Track and analyse risk and vulnerability, integrating findings into humanitarian and development programming.",Implementation of systems and Child Protection monitoring mechanisms,Number of functional mechanisms,Mechanisms,,3,,9,6,,,
Cameroon,Protection,"STRATEGIC OBJECTIVE 1: Track and analyse risk and vulnerability, integrating findings into humanitarian and development programming.","Mapping and analysis of the vulnerability and communities capacities, emphasising on the risks and impact in protecting boys and girls (depending on their age), women and people with specific needs (disabled, gender based violence, family separation, child labour, early marriage, recruitment of children)",Number of available analysis reports,Reports,,1,,1,,,,
Cameroon,Protection,"STRATEGIC OBJECTIVE 1: Track and analyse risk and vulnerability, integrating findings into humanitarian and development programming.","Rapid evaluation of the vulnerability and needs to protect children affected by displacements, instabilities related to conflicts with Boko Haram, family separation and food insecurity",Number of rapid assessment documents available with the number of displaced/separated children from their parents,Documents,,,,,1,,,
Cameroon,Protection,"STRATEGIC OBJECTIVE 1: Track and analyse risk and vulnerability, integrating findings into humanitarian and development programming.","Reference diagnostic of harmful practices on children (early marriage, child exploitation etc.) and the analysis of their impacts on resilience in crisis situations",Number of studies available,Studies,1,,,,,,,
Cameroon,Protection,"STRATEGIC OBJECTIVE 1: Track and analyse risk and vulnerability, integrating findings into humanitarian and development programming.","Reference diagnostic on harmful practices to children (early marriage, exploitation …) and the impact on children facing humanitarian crises’ resilience",Number of available studies,Studies,1,,,,,,,
Cameroon,Protection,"STRATEGIC OBJECTIVE 1: Track and analyse risk and vulnerability, integrating findings into humanitarian and development programming.",Strenghen coordination structures at regional and national levels between humanitarian actors working in the protection of children,Number of meetings held,Meetings,8,6,,6,5,,,
Cameroon,Protection,"STRATEGIC OBJECTIVE 2: Support vulnerable populations to better cope with shocks by responding earlier to warning signals, by reducing post-crisis recovery times and by building capacity of national actors.",Strengthen community mechanisms for the protection of children in shock by replying on protection committee and peer groups,Number of functional community mechanisms,Mechanisms,,3,,9,10,,,
Cameroon,Protection,"STRATEGIC OBJECTIVE 2: Support vulnerable populations to better cope with shocks by responding earlier to warning signals, by reducing post-crisis recovery times and by building capacity of national actors.","Strengthen organisers and social workers’ capacities on psychosocial support, stimulation and positive discipline to vulnerable children and malnutrition victims",Number of people trained,People,5,64,,93,50,,,
Cameroon,Protection,"STRATEGIC OBJECTIVE 2: Support vulnerable populations to better cope with shocks by responding earlier to warning signals, by reducing post-crisis recovery times and by building capacity of national actors.","Strengthen the capacities of social workers, government and civil society to monitor vulnerable families and the detention of risks children are exposed to after different humanitarian shocks",Number of State stakeholders trained,People,15,14,,25,30,,,
Cameroon,Protection,STRATEGIC OBJECTIVE 3: Deliver coordinated and integrated life-saving assistance to people affected by emergencies.,"Develop a strategy and tools based on evidences for the communication and behavioural change to fight against violence, exploitation and harmful practices experienced by children",Strategy developed and adopted by different actors,Strategies,,1,,1,1,,,
Cameroon,Protection,STRATEGIC OBJECTIVE 3: Deliver coordinated and integrated life-saving assistance to people affected by emergencies.,Provide a support for the promotion of birth registration within the statutory period and the regularisation of the births of non-registered children,Percentage of girls and boys identified who got a birth certificate,Children,,50,,50,50,,,
Cameroon,Protection,STRATEGIC OBJECTIVE 3: Deliver coordinated and integrated life-saving assistance to people affected by emergencies.,Provide support to psycho-social services and emotional simulation to malnourished children,Number of girls and boys in affected areas that are benefiting from a psycho-social support,Children,,200,,350,2000,,,
Cameroon,Protection,STRATEGIC OBJECTIVE 3: Deliver coordinated and integrated life-saving assistance to people affected by emergencies.,Provide support to psycho-social services to children who are in humanitarian shock,Number of girls and boys in areas affected and receiving a psycho-social support,Children,,7000,,10000,5000,,,
Cameroon,Protection,STRATEGIC OBJECTIVE 3: Deliver coordinated and integrated life-saving assistance to people affected by emergencies.,"Strengthen the IDTR (identification, documentation, research of families and reunification) and management of cases, including procedures for the best interests of the child, for unaccompanied and separated children",Number of girls and boys identified and registered,Children,,250,,1000,100,,,
Cameroon,Protection,STRATEGIC OBJECTIVE 3: Deliver coordinated and integrated life-saving assistance to people affected by emergencies.,"Strengthening civil officers and secretary of state (COS/CSS), health staff and community relays for the registration of births within the legal deadlines","Number of COS/CSS, community relays and health staff trained",Staff,30,20,,20,30,,,
Cameroon,Protection,STRATEGIC OBJECTIVE 3: Deliver coordinated and integrated life-saving assistance to people affected by emergencies.,"Strengthening of family capacities for children care through a support package, including parenting education",Percentage of identified families receiving an element from the support package,Households,,50,,50,50,,,
Cameroon,Protection,STRATEGIC OBJECTIVE 3: Deliver coordinated and integrated life-saving assistance to people affected by emergencies.,Strengthening of juvenile justice’s actors in the supply chain’s capacities in the monitoring of children in situation,Number of juvenile justice's actors in the supply chain trained,Staff,10,10,,15,15,,,
Cameroon,Protection,STRATEGIC OBJECTIVE 3: Deliver coordinated and integrated life-saving assistance to people affected by emergencies.,Training of front line workers on psycho-social support during emergencies,Number of social State and civil society workers trained,Staff,15,6,,10,15,,,
Cameroon,Coordination and Support Services,"STRATEGIC OBJECTIVE 1: Track and analyse risk and vulnerability, integrating findings into humanitarian and development programming.",Conduct/facilitate coordinated multi-sectoral assessments with key partners,Number of multisectoral assessments conducted,Reports,,1,,1,1,1,,
Cameroon,Coordination and Support Services,"STRATEGIC OBJECTIVE 1: Track and analyse risk and vulnerability, integrating findings into humanitarian and development programming.","Multi-sectoral analysis of risks, vulnerabilities and opportunities to identify priority needs/gaps (SADD analysis)",Number of sectorial groups covered in the risks analysis and vulnerabilities to identify priority needs,Sectors,,1,,1,1,1,,
Cameroon,Coordination and Support Services,"STRATEGIC OBJECTIVE 1: Track and analyse risk and vulnerability, integrating findings into humanitarian and development programming.",Support the development and review of country/regional HNO and SRP,Number of HNOs and SRPs that have been developped and have received a support,HNO/SRP,2,,,,,,,
Cameroon,Coordination and Support Services,"STRATEGIC OBJECTIVE 1: Track and analyse risk and vulnerability, integrating findings into humanitarian and development programming.",Support the strategic coordination through the HCT,A humanitarian 3W is developped and updated regularly,3Ws,1,,,,,,,
Cameroon,Coordination and Support Services,"STRATEGIC OBJECTIVE 1: Track and analyse risk and vulnerability, integrating findings into humanitarian and development programming.",Support the strategic coordination through the HCT,A humanitarian contact list is available and updated regularly,Data,1,,,,,,,
Cameroon,Coordination and Support Services,"STRATEGIC OBJECTIVE 2: Support vulnerable populations to better cope with shocks by responding earlier to warning signals, by reducing post-crisis recovery times and by building capacity of national actors.",Build the capacity of national counterparts to increase the ability of national institutions to better prepare and respond to emergencies,Number of training and briefing sessions,Trainings,,,,1,1,1,,
Cameroon,Coordination and Support Services,"STRATEGIC OBJECTIVE 2: Support vulnerable populations to better cope with shocks by responding earlier to warning signals, by reducing post-crisis recovery times and by building capacity of national actors.","Support the development of resilience ""markers"" in country/regional humanitarian strategies and appeals",Number of resilience mapping exercices conducted to support HCT decision making process,Analysis,1,,,,,,,
Cameroon,Coordination and Support Services,STRATEGIC OBJECTIVE 3: Deliver coordinated and integrated life-saving assistance to people affected by emergencies.,Organize donor's briefings,Number of donor's briefing meeting organized,Briefings,3,,,,,,,
Cameroon,Coordination and Support Services,STRATEGIC OBJECTIVE 3: Deliver coordinated and integrated life-saving assistance to people affected by emergencies.,Prepare key messages to support advocacy and resource mobilisation,Number of keys messages prepared and submitted,Messages,1,,,,,,,
Cameroon,Coordination and Support Services,STRATEGIC OBJECTIVE 3: Deliver coordinated and integrated life-saving assistance to people affected by emergencies.,Set-up civil-military coordination structures at the capital and regional levels to ensure that humanitarian actors are operating in a safe and secure environment,Number of civil-military sturctures operational,Structures,,,,,1,,1,
Cameroon,Coordination and Support Services,STRATEGIC OBJECTIVE 3: Deliver coordinated and integrated life-saving assistance to people affected by emergencies.,Support humanitarian response by providing security breifings and through the set-up of radio network and telecommunication for the use of the humanitarian community,Number of security briefing sessions organized by UNDSS to the humanitarian community (central and regional),Briefings,1,,,1,1,1,,
Cameroon,Coordination and Support Services,STRATEGIC OBJECTIVE 3: Deliver coordinated and integrated life-saving assistance to people affected by emergencies.,Support humanitarian response by providing security breifings and through the set-up of radio network and telecommunication for the use of the humanitarian community,Number of telecommunication network developped and operational for the use of the humanitarian community,Activities,,,,1,1,,,
Cameroon,Coordination and Support Services,STRATEGIC OBJECTIVE 3: Deliver coordinated and integrated life-saving assistance to people affected by emergencies.,Support strategic coordination through the HCT,Number of HCT meetings,Meetings,1,,,,,,,
Cameroon,Coordination and Support Services,STRATEGIC OBJECTIVE 3: Deliver coordinated and integrated life-saving assistance to people affected by emergencies.,"Support strategic coordination through the ISWG and sectors/clusters and participation of INGOS, NNGOs and government, where relevant",Number of functional group mechanisms at national and regional level,Mechanisms,,1,,1,1,1,,
Cameroon,Food Security,"STRATEGIC OBJECTIVE 2: Support vulnerable populations to better cope with shocks by responding earlier to warning signals, by reducing post-crisis recovery times and by building capacity of national actors.",Distribution of agricultural inputs ( seeds and fertilisers) and minor farming equipment,Number of targeted households that received agricultural support,Households,0,,,,,,,
Cameroon,Food Security,"STRATEGIC OBJECTIVE 2: Support vulnerable populations to better cope with shocks by responding earlier to warning signals, by reducing post-crisis recovery times and by building capacity of national actors.",Distribution of animal feed,Number of targeted households that received support for their livestock,Households,,,,,,,,
Cameroon,Food Security,"STRATEGIC OBJECTIVE 2: Support vulnerable populations to better cope with shocks by responding earlier to warning signals, by reducing post-crisis recovery times and by building capacity of national actors.",Vaccinate livestock,Number of animals vaccinated,Animals,0,,,,,,,
Cameroon,Food Security,STRATEGIC OBJECTIVE 3: Deliver coordinated and integrated life-saving assistance to people affected by emergencies.,Food for assets,Number of targeted persons that received conditional transfers (food based),People,,,,,,,,
Cameroon,Food Security,STRATEGIC OBJECTIVE 3: Deliver coordinated and integrated life-saving assistance to people affected by emergencies.,Food for assets,Number of targeted persons that received unconditional transfers (food based),People,0,,,,,,,
Cameroon,Food Security,STRATEGIC OBJECTIVE 3: Deliver coordinated and integrated life-saving assistance to people affected by emergencies.,General food distribution,Food consumption scores,Indices,0,,,,,,,
Cameroon,Food Security,STRATEGIC OBJECTIVE 3: Deliver coordinated and integrated life-saving assistance to people affected by emergencies.,General food distribution,Number of targeted persons that received conditional transfers (food based),People,,,,,,,,
Cameroon,Food Security,STRATEGIC OBJECTIVE 3: Deliver coordinated and integrated life-saving assistance to people affected by emergencies.,General food distribution,Number of targeted persons that received unconditional transfers (food based),People,,,,,,,,
Cameroon,Water Sanitation & Hygiene,"STRATEGIC OBJECTIVE 1: Track and analyse risk and vulnerability, integrating findings into humanitarian and development programming.",Capitalisation of experiences and lessons learned in the field of EHA in emergency situations,Number of reference/capitalisation documents shared,Numbers,2,,,,,,,
Cameroon,Water Sanitation & Hygiene,"STRATEGIC OBJECTIVE 1: Track and analyse risk and vulnerability, integrating findings into humanitarian and development programming.","Development of water, hygiene and sanitation studies and surveys (CAP…)",Number of study reports and surveys conducted,Reports,1,,,,,,,
Cameroon,Water Sanitation & Hygiene,"STRATEGIC OBJECTIVE 1: Track and analyse risk and vulnerability, integrating findings into humanitarian and development programming.",Evaluation of the WASH in emergency situation,Number of EHA assessments in affected areas,Evaluations,,1,,1,1,1,,
Cameroon,Water Sanitation & Hygiene,"STRATEGIC OBJECTIVE 2: Support vulnerable populations to better cope with shocks by responding earlier to warning signals, by reducing post-crisis recovery times and by building capacity of national actors.",Promotion of good hygiene and sanitation practices to vulnerable communities,Number of FDAL villages,Villages,0,,,,70,30,,
Cameroon,Water Sanitation & Hygiene,"STRATEGIC OBJECTIVE 2: Support vulnerable populations to better cope with shocks by responding earlier to warning signals, by reducing post-crisis recovery times and by building capacity of national actors.",Promotion of good hygiene and sanitation practices to vulnerable communities,Number of latrines for families built,Latrines,,0,,0,1700,800,,
Cameroon,Water Sanitation & Hygiene,"STRATEGIC OBJECTIVE 2: Support vulnerable populations to better cope with shocks by responding earlier to warning signals, by reducing post-crisis recovery times and by building capacity of national actors.",Promotion of good hygiene and sanitation practices to vulnerable communities,Number of people affected,People,,17000,,20000,60000,30000,,
Cameroon,Water Sanitation & Hygiene,"STRATEGIC OBJECTIVE 2: Support vulnerable populations to better cope with shocks by responding earlier to warning signals, by reducing post-crisis recovery times and by building capacity of national actors.","Rehabilitation of drillings, AEP mini-networks and wells equipped with PMH in affected areas",Number of drillings/wells/EPE rehabilitated,Numbers,,10,,10,50,40,,
Cameroon,Water Sanitation & Hygiene,"STRATEGIC OBJECTIVE 2: Support vulnerable populations to better cope with shocks by responding earlier to warning signals, by reducing post-crisis recovery times and by building capacity of national actors.","Training of stakeholders from the water, hygiene and sanitation sectors on subjects related to water, hygiene and sanitation in emergency situation",Number of people trained,People,40,,,,,,,
Cameroon,Water Sanitation & Hygiene,"STRATEGIC OBJECTIVE 2: Support vulnerable populations to better cope with shocks by responding earlier to warning signals, by reducing post-crisis recovery times and by building capacity of national actors.",Training of volunteers/community relays on good WASH practices,Number of relays trained,Volunteers,0,40,,140,200,100,,
Cameroon,Water Sanitation & Hygiene,STRATEGIC OBJECTIVE 3: Deliver coordinated and integrated life-saving assistance to people affected by emergencies.,Building latrines and gender sensitive bathrooms in sites hosting displaced people,Number of latrines built in displacement sites,Latrines,,0,,0,225,225,,
Cameroon,Water Sanitation & Hygiene,STRATEGIC OBJECTIVE 3: Deliver coordinated and integrated life-saving assistance to people affected by emergencies.,Building of drillings/implementation of a mini AEP network,Number of drillings/EPE,Numbers,,15,,30,110,60,,
Cameroon,Water Sanitation & Hygiene,STRATEGIC OBJECTIVE 3: Deliver coordinated and integrated life-saving assistance to people affected by emergencies.,"Building/rehabilitation of latrines in public areas (schools, nutritional centers, health centers)",Number of beneficiary schools,Schools,0,0,,0,0,0,,
Cameroon,Water Sanitation & Hygiene,STRATEGIC OBJECTIVE 3: Deliver coordinated and integrated life-saving assistance to people affected by emergencies.,"Building/rehabilitation of latrines in public areas (schools, nutritional centers, health centers)",Number of health/nutritional centers benefiting,Health Centres,,10,,25,68,68,,
Cameroon,Water Sanitation & Hygiene,STRATEGIC OBJECTIVE 3: Deliver coordinated and integrated life-saving assistance to people affected by emergencies.,Control the quality of the water in affected areas,Number of water points regularly monitored,Numbers,0,15,,30,110,60,,
Cameroon,Water Sanitation & Hygiene,STRATEGIC OBJECTIVE 3: Deliver coordinated and integrated life-saving assistance to people affected by emergencies.,"Coordination of interventions and actors from the water, hygiene and sanitation sector in emergency situation",Number of functional platforms,Clusters,1,1,,1,1,1,,
Cameroon,Water Sanitation & Hygiene,STRATEGIC OBJECTIVE 3: Deliver coordinated and integrated life-saving assistance to people affected by emergencies.,"Distribution of WASH kits to vulnerable children, women and men",Number of severe acute malnourished children who received a WASH kit,Children,,6800,,2250,34450,14500,,
Cameroon,Water Sanitation & Hygiene,STRATEGIC OBJECTIVE 3: Deliver coordinated and integrated life-saving assistance to people affected by emergencies.,"Distribution of WASH kits to vulnerable children, women and men",Number of WASH kits distributed to vulnerable families,Numbers,,,,,1500,1500,,
Cameroon,Water Sanitation & Hygiene,STRATEGIC OBJECTIVE 3: Deliver coordinated and integrated life-saving assistance to people affected by emergencies.,"Distribution of WASH kits to vulnerable children, women and men",Number of women who received a hygiene kit,Women,,,,,2000,2000,,
Cameroon,Water Sanitation & Hygiene,STRATEGIC OBJECTIVE 3: Deliver coordinated and integrated life-saving assistance to people affected by emergencies.,"Educate vulnerable populations on good practices related to water, hygiene and sanitation",Number of people reached,People,288800,0,,0,0,0,,
Cameroon,Water Sanitation & Hygiene,STRATEGIC OBJECTIVE 3: Deliver coordinated and integrated life-saving assistance to people affected by emergencies.,Implementation of a waste management mechanism in displacement sites,Number of sites with disposal bins and pits,Numbers,,,,,1,1,,
Cameroon,Water Sanitation & Hygiene,STRATEGIC OBJECTIVE 3: Deliver coordinated and integrated life-saving assistance to people affected by emergencies.,Implementation/dynamisation of water users in emergency situation committees,Number of water users committees established,Numbers,,25,,40,160,100,,0
Cameroon,Water Sanitation & Hygiene,STRATEGIC OBJECTIVE 3: Deliver coordinated and integrated life-saving assistance to people affected by emergencies.,Water trucking/chlorination in sites hosting displaced people,Number of water trucking days,Days,0,0,,0,60,60,,
Cameroon,Emergency Telecommunication,STRATEGIC OBJECTIVE 3: Deliver coordinated and integrated life-saving assistance to people affected by emergencies.,Support humanitarian response by providing security briefings and through the set-up of radio network and telecommunication for the use of the humanitarian community,Number of security briefing sessions organized by UNDSS to the humanitarian community (central and regional),Briefings,1,,,1,1,1,,
Cameroon,Emergency Telecommunication,STRATEGIC OBJECTIVE 3: Deliver coordinated and integrated life-saving assistance to people affected by emergencies.,Support humanitarian response by providing security briefings and through the set-up of radio network and telecommunication for the use of the humanitarian community,Number of telecommunication network developed and operational for the use of the humanitarian community,Cells,1,,,1,1,1,,
Cameroon,Multi Sector for Refugees,"STRATEGIC OBJECTIVE 1: Track and analyse risk and vulnerability, integrating findings into humanitarian and development programming.","Assessment and analysis undertaken on the access to international and regional instruments, their ratification or strengthening and the situation of persons of concern monitored.",Number of monitoring visits conducted and recorded,Visits,,24,,24,24,12,,
Cameroon,Multi Sector for Refugees,"STRATEGIC OBJECTIVE 1: Track and analyse risk and vulnerability, integrating findings into humanitarian and development programming.","Assessment and analysis undertaken on the access to international and regional instruments, their ratification or strengthening and the situation of persons of concern monitored.","Number of studies, assessments and analyses produced",Assessments,,1,,1,1,1,,
Cameroon,Multi Sector for Refugees,"STRATEGIC OBJECTIVE 1: Track and analyse risk and vulnerability, integrating findings into humanitarian and development programming.",Organise nutrition and food security surveys/assessments,Number of JAM conducted as per a recommended schedule,JAM,,1,,1,1,1,,
Cameroon,Multi Sector for Refugees,"STRATEGIC OBJECTIVE 1: Track and analyse risk and vulnerability, integrating findings into humanitarian and development programming.",Organise nutrition and food security surveys/assessments,Number of nutrition assessments or evaluation exercises organised,Evaluations,,1,,1,1,,,
Cameroon,Multi Sector for Refugees,"STRATEGIC OBJECTIVE 1: Track and analyse risk and vulnerability, integrating findings into humanitarian and development programming.",Registration of data on refugees and other PoC updated on a continuous basis,Number of refugees registered and disaggregated by age and gender,People,,80000,,152000,70000,10000,,
Cameroon,Multi Sector for Refugees,"STRATEGIC OBJECTIVE 2: Support vulnerable populations to better cope with shocks by responding earlier to warning signals, by reducing post-crisis recovery times and by building capacity of national actors.",Construct/rehabilitate education facilities in targeted zones,Number of educational facilities constructed or improved,Classrooms,,93,,144,40,20,,
Cameroon,Multi Sector for Refugees,"STRATEGIC OBJECTIVE 2: Support vulnerable populations to better cope with shocks by responding earlier to warning signals, by reducing post-crisis recovery times and by building capacity of national actors.",Long-term/ permanent shelter provided and sustained,Number of PoC receiving long-term/permanent shelter,Households,,4000,,8000,4000,500,,
Cameroon,Multi Sector for Refugees,"STRATEGIC OBJECTIVE 2: Support vulnerable populations to better cope with shocks by responding earlier to warning signals, by reducing post-crisis recovery times and by building capacity of national actors.",Natural resources and shared environment are better protected and alternative/renewable energy promoted,Number of hectares planted,Hectares,,60,,100,40,10,,
Cameroon,Multi Sector for Refugees,"STRATEGIC OBJECTIVE 2: Support vulnerable populations to better cope with shocks by responding earlier to warning signals, by reducing post-crisis recovery times and by building capacity of national actors.",Natural resources and shared environment are better protected and alternative/renewable energy promoted,"Percentage of households using alternative and/or renewable energy (e.g. solar, biogas, ethanol, environmentally friendly briquet, wind)",Percentage,,40,,40,30,20,,
Cameroon,Multi Sector for Refugees,"STRATEGIC OBJECTIVE 2: Support vulnerable populations to better cope with shocks by responding earlier to warning signals, by reducing post-crisis recovery times and by building capacity of national actors.","Self-reliance, livelihoods and Coexistence projects promoted",Number of coexistence projects implemented,Projects,,50,,120,20,10,,
Cameroon,Multi Sector for Refugees,"STRATEGIC OBJECTIVE 2: Support vulnerable populations to better cope with shocks by responding earlier to warning signals, by reducing post-crisis recovery times and by building capacity of national actors.","Self-reliance, livelihoods and Coexistence projects promoted",Number of PoC receiving production kits or inputs for agriculture/livestock activities,People,,7000,,15000,7000,1000,,
Cameroon,Multi Sector for Refugees,"STRATEGIC OBJECTIVE 2: Support vulnerable populations to better cope with shocks by responding earlier to warning signals, by reducing post-crisis recovery times and by building capacity of national actors.",Shelter materials and maintenance tool kits provided,Number of PoC receiving shelter support,Households,,5000,,10000,8000,1500,,
Cameroon,Multi Sector for Refugees,"STRATEGIC OBJECTIVE 2: Support vulnerable populations to better cope with shocks by responding earlier to warning signals, by reducing post-crisis recovery times and by building capacity of national actors.","Train teachers and other education staff on key emergency modules (peace education, psychosocial support, social cohesion, life skills, health and hygiene, remedial classes, management of child-centered groups and methods)",Number of teachers/education staff trained,Teachers,,295,,932,353,136,,
Cameroon,Multi Sector for Refugees,STRATEGIC OBJECTIVE 3: Deliver coordinated and integrated life-saving assistance to people affected by emergencies.,Adequate quantity and quality of food aid provided,Number of people receiving food aid (in kind),People,,40000,,110000,70000,10000,,
Cameroon,Multi Sector for Refugees,STRATEGIC OBJECTIVE 3: Deliver coordinated and integrated life-saving assistance to people affected by emergencies.,An appropriate implementation of the infant and young child feeding practices programme,Number of children 0-23 months enrolled in IYCF programme,Children,,500,,2500,600,,,
Cameroon,Multi Sector for Refugees,STRATEGIC OBJECTIVE 3: Deliver coordinated and integrated life-saving assistance to people affected by emergencies.,"Assets provided, Financial control assured and General project management services provided for better and cost-effective implementation, coordination and monitoring of the project.",Extent logistics and programme management mechanisms working effectively,Percentage,,95,,95,95,95,,
Cameroon,Multi Sector for Refugees,STRATEGIC OBJECTIVE 3: Deliver coordinated and integrated life-saving assistance to people affected by emergencies.,Care and protection provided to Third Country Nationals (TCNs) in need,"Percentage of identified TCNs receiving assistance (evacuation, transport support & travel health assistance)",Percentage,,100,,100,100,,,
Cameroon,Multi Sector for Refugees,STRATEGIC OBJECTIVE 3: Deliver coordinated and integrated life-saving assistance to people affected by emergencies.,"Care and treatment of persons of concern living with HIV and AIDS provided, including comprehensive safe motherhood services, prevention of HIV mother to child transmission, Preventive reproductive health and HIV and Voluntary counselling and testing services.",Number of PoCs who have access to maternal and newborn services,People,,2000,,6000,2000,250,,
Cameroon,Multi Sector for Refugees,STRATEGIC OBJECTIVE 3: Deliver coordinated and integrated life-saving assistance to people affected by emergencies.,"Care and treatment of persons of concern living with HIV and AIDS provided, including comprehensive safe motherhood services, prevention of HIV mother to child transmission, Preventive reproductive health and HIV and Voluntary counselling and testing services.",Number of PoCs who have the access to ART services,People,,1000,,3000,1000,500,,
Cameroon,Multi Sector for Refugees,STRATEGIC OBJECTIVE 3: Deliver coordinated and integrated life-saving assistance to people affected by emergencies.,Community managment of acute malnutrition,Number of moderate malnourished refugee children 6-59 months admited (new admission),Numbers,,2600,,12000,1080,370,,
Cameroon,Multi Sector for Refugees,STRATEGIC OBJECTIVE 3: Deliver coordinated and integrated life-saving assistance to people affected by emergencies.,Community managment of acute malnutrition,Number of severly malnourished refugee children 6-59 months admited (new admission),Numbers,,2080,,8542,842,288,,
Cameroon,Multi Sector for Refugees,STRATEGIC OBJECTIVE 3: Deliver coordinated and integrated life-saving assistance to people affected by emergencies.,Core relief/basic domestic items provided,Number of households receiving core relief/basic domestic items,Households,,7000,,16000,10000,2000,,
Cameroon,Multi Sector for Refugees,STRATEGIC OBJECTIVE 3: Deliver coordinated and integrated life-saving assistance to people affected by emergencies.,Core relief/basic domestic items provided,Number of women receiving sanitary materials,Women,,12000,,25000,15000,30000,,
Cameroon,Multi Sector for Refugees,STRATEGIC OBJECTIVE 3: Deliver coordinated and integrated life-saving assistance to people affected by emergencies.,Distribute teaching and learning material in targeted zones,Number of children benefiting from learning material,Children,,31800,,41000,23400,7000,,
Cameroon,Multi Sector for Refugees,STRATEGIC OBJECTIVE 3: Deliver coordinated and integrated life-saving assistance to people affected by emergencies.,Distribute teaching and learning material in targeted zones,Number of teacher/education personal benefiting from teaching material,Teachers,,1700,,950,360,140,,
Cameroon,Multi Sector for Refugees,STRATEGIC OBJECTIVE 3: Deliver coordinated and integrated life-saving assistance to people affected by emergencies.,Ensure continuous access to formal and non-formal education to all school-age children,Number of children benefiting from acces to formal education,Children,,3700,,8300,21700,400,,
Cameroon,Multi Sector for Refugees,STRATEGIC OBJECTIVE 3: Deliver coordinated and integrated life-saving assistance to people affected by emergencies.,Ensure continuous access to formal and non-formal education to all school-age children,Number of children benefiting from acces to non-formal education,Children,,3700,,8300,1700,400,,
Cameroon,Multi Sector for Refugees,STRATEGIC OBJECTIVE 3: Deliver coordinated and integrated life-saving assistance to people affected by emergencies.,"Ensure support is provided to enable refugees, especially women and children, enjoy the international protection and their rights according to the international standards",Number of cases for which protection of PoC is ensured,Cases,,750,,1500,500,100,,
Cameroon,Multi Sector for Refugees,STRATEGIC OBJECTIVE 3: Deliver coordinated and integrated life-saving assistance to people affected by emergencies.,"Ensure support is provided to enable refugees, especially women and children, enjoy the international protection and their rights according to the international standards",Number of survivors of SGBV supported,Survivors,,100,,250,100,20,,
Cameroon,Multi Sector for Refugees,STRATEGIC OBJECTIVE 3: Deliver coordinated and integrated life-saving assistance to people affected by emergencies.,Health status of targeted population improved,Crude mortality rate (per 1000 population/month),Rates,,0,,0,0,0,,
Cameroon,Multi Sector for Refugees,STRATEGIC OBJECTIVE 3: Deliver coordinated and integrated life-saving assistance to people affected by emergencies.,Health status of targeted population improved,Number of health facilities equipped/constructed/rehabilitated,Health Facilities,,15,,35,6,5,,
Cameroon,Multi Sector for Refugees,STRATEGIC OBJECTIVE 3: Deliver coordinated and integrated life-saving assistance to people affected by emergencies.,Implementation of the the blanket suplementary feeding programme (BSFP),Number of 6-23 month-old children receiving a BSFP ration,Children,,8500,,30000,5600,800,,
Cameroon,Multi Sector for Refugees,STRATEGIC OBJECTIVE 3: Deliver coordinated and integrated life-saving assistance to people affected by emergencies.,Promotion of hygiene and sanitation at family and community levels,Number of household latrines constructed,Latrines,,0,,0,0,0,,
Cameroon,Multi Sector for Refugees,STRATEGIC OBJECTIVE 3: Deliver coordinated and integrated life-saving assistance to people affected by emergencies.,Promotion of hygiene and sanitation at family and community levels,Number of persons sensitized on hygiene and sanitation,People,,0,,0,0,0,,
Cameroon,Multi Sector for Refugees,STRATEGIC OBJECTIVE 3: Deliver coordinated and integrated life-saving assistance to people affected by emergencies.,Provide care and protection to refugee children in need,Percentage of identified children survivor of violence and exploitation who received at least one support service,Percentage,,100,,100,100,100,,
Cameroon,Multi Sector for Refugees,STRATEGIC OBJECTIVE 3: Deliver coordinated and integrated life-saving assistance to people affected by emergencies.,Provide care and protection to refugee children in need,Percentage of refered cases which led to Best Interest Determination Decisions taken by BID panel on the basis of established SOPs for child protection,Percentage,,100,,100,100,100,,
Cameroon,Multi Sector for Refugees,STRATEGIC OBJECTIVE 3: Deliver coordinated and integrated life-saving assistance to people affected by emergencies.,Provide care and protection to refugee children in need,Percentage of refugee children (girls and boys) identified who are reunified or received interim care,Percentage,,100,,100,100,100,,
Cameroon,Multi Sector for Refugees,STRATEGIC OBJECTIVE 3: Deliver coordinated and integrated life-saving assistance to people affected by emergencies.,Sanitary facilities/ latrines and showers constructed,Household sanitary facilities / latrines constructed,Latrines,,0,,0,0,0,,
Cameroon,Multi Sector for Refugees,STRATEGIC OBJECTIVE 3: Deliver coordinated and integrated life-saving assistance to people affected by emergencies.,Sanitary facilities/ latrines and showers constructed,Number of communal sanitary facilities/ latrines constructed,Latrines,,200,,350,2500,100,,
Cameroon,Multi Sector for Refugees,STRATEGIC OBJECTIVE 3: Deliver coordinated and integrated life-saving assistance to people affected by emergencies.,Transitional shelter provided,Number of transitional shelter provided,Numbers,,640,,2110,10000,2000,,
Cameroon,Multi Sector for Refugees,STRATEGIC OBJECTIVE 3: Deliver coordinated and integrated life-saving assistance to people affected by emergencies.,"Water system constructed, expanded and/or upgraded",Average number of litres of potable water available per person per day,Numbers,,20,,20,20,20,,
Cameroon,Multi Sector for Refugees,STRATEGIC OBJECTIVE 3: Deliver coordinated and integrated life-saving assistance to people affected by emergencies.,"Water system constructed, expanded and/or upgraded",Number of boreholes / wells rehabilitated,Water Points,,70,,157,20,10,,
Cameroon,Multi Sector for Refugees,STRATEGIC OBJECTIVE 3: Deliver coordinated and integrated life-saving assistance to people affected by emergencies.,"Water system constructed, expanded and/or upgraded",Number of successful boreholes drilled,Water Points,,100,,278,120,20,,
